﻿pos_x,pos_y,rotation,side,designator,mpn,pack,value,mount_type,place
77.47,-36.068,90.0,top,C1,,C_0603_1608Metric,0.1uF,smt,True
86.614,-59.69,180.0,top,C2,,C_1206_3216Metric,10uF,smt,True
87.884,-56.134,90.0,top,C3,,C_1206_3216Metric,10uF,smt,True
108.966,-34.29,-90.0,top,C4,,C_0603_1608Metric,0.1uF,smt,True
99.822,-52.324,0.0,top,D1,,LED_0603_1608Metric,RED LED,smt,True
74.93,-43.947,180.0,top,J1,,PinHeader_1x02_P2.54mm_Vertical,Analog in,tht,True
101.854,-33.02,0.0,top,J2,,IDC-Header_2x03_P2.54mm_Vertical,Conn_02x03_Odd_Even,tht,True
90.648,-66.14,0.0,top,J3,,UJ2MIBHGSMTTR,UJ2-MIBH-G-SMT-TR,tht,True
71.374,-58.674,90.0,top,J4,,LUX sensor,LUX sensor,tht,True
82.794,-65.5845,-90.0,top,J6,,BME280,bme280,tht,True
69.12,-52.324,-90.0,top,J7,,JST_SH_SM04B-SRSS-TB_1x04-1MP_P1.00mm_Horizontal,qwiic,smt,True
99.822,-57.912,0.0,top,J8,,PinHeader_1x03_P2.54mm_Vertical,power,tht,True
109.0445,-48.834,0.0,top,J9,,PinHeader_1x03_P2.54mm_Vertical,GDO,tht,True
105.2345,-50.866,180.0,top,Q1,,SOT-23,2N7002,smt,True
105.2345,-54.422,0.0,top,Q2,,SOT-23,AO3400A,smt,True
105.7425,-48.326,180.0,top,R1,,R_0603_1608Metric,10k,smt,True
99.822,-53.848,0.0,top,R10,,R_0603_1608Metric,2.2K,smt,True
99.568,-44.704,180.0,top,R11,,R_0603_1608Metric,10k,smt,True
104.394,-46.736,180.0,top,R2,,R_0603_1608Metric,10k,smt,True
78.994,-36.068,-90.0,top,R3,,R_0603_1608Metric,10k,smt,True
77.47,-40.386,90.0,top,R4,,R_0603_1608Metric,220k,smt,True
78.994,-39.053,90.0,top,R5,,R_0603_1608Metric,100k,smt,True
99.568,-48.768,180.0,top,R6,,R_0603_1608Metric,10k,smt,True
78.994,-44.704,90.0,top,R7,,R_0603_1608Metric,10k,smt,True
99.568,-46.736,180.0,top,R8,,R_0603_1608Metric,10k,smt,True
102.4405,-54.61,-90.0,top,R9,,R_0603_1608Metric,10k,smt,True
93.472,-57.404,0.0,top,U1,,SOT-223-3_TabPin2,LD1117S33,smt,True
88.88,-40.33,0.0,top,U2,,ESP-12E,ESP-12F,smt,True
