﻿designator,quantity,value,pack,mpn,mount_type
"C1, C4",2,0.1uF,C_0603_1608Metric,,smt
"C2, C3",2,10uF,C_1206_3216Metric,,smt
D1,1,RED LED,LED_0603_1608Metric,,smt
J1,1,Analog in,PinHeader_1x02_P2.54mm_Vertical,,tht
J2,1,Conn_02x03_Odd_Even,IDC-Header_2x03_P2.54mm_Vertical,,tht
J3,1,UJ2-MIBH-G-SMT-TR,UJ2MIBHGSMTTR,,tht
J4,1,LUX sensor,LUX sensor,,tht
J6,1,bme280,BME280,,tht
J7,1,qwiic,JST_SH_SM04B-SRSS-TB_1x04-1MP_P1.00mm_Horizontal,,smt
J8,1,power,PinHeader_1x03_P2.54mm_Vertical,,tht
J9,1,GDO,PinHeader_1x03_P2.54mm_Vertical,,tht
Q1,1,2N7002,SOT-23,,smt
Q2,1,AO3400A,SOT-23,,smt
"R1, R11, R2, R3, R6, R7, R8, R9",8,10k,R_0603_1608Metric,,smt
R10,1,2.2K,R_0603_1608Metric,,smt
R4,1,220k,R_0603_1608Metric,,smt
R5,1,100k,R_0603_1608Metric,,smt
U1,1,LD1117S33,SOT-223-3_TabPin2,,smt
U2,1,ESP-12F,ESP-12E,,smt
